id,questionnaire_id,priority,title,qtype,random_order,ord,branch_rules,random_answer,intro_text
QDEM1_1,QDEM1,1,HÃ¡ny Ã©ves vagy?,numeric,FALSE,1,{},FALSE,"A válaszaid anonimak, a demográfiai adatok kizárólag statisztikai bontásban jelennek meg.
Ez a kérdés lehetõvé teszi, hogy a többi mutatót életkori csoportok szerint is vizualizáljuk. Így pontosabban látható, mely generációk milyen igényeket fogalmaznak meg."
QDEM1_2,QDEM1,2,Mi a nemed?,single_choice,FALSE,2,"{""options"": [""nÄ¹â€˜"", ""fÄ‚Â©rfi"", ""egyÄ‚Â©b""], ""logic"": []}",FALSE,
QDEM1_3,QDEM1,3,Hol laksz?,open_text,FALSE,3,{},FALSE,
QDEM1_4,QDEM1,4,"ElÃ©g az is, ha meg tudod mondani, hogy milyen tÃ­pusÃº telepÃ¼lÃ©sen Ã©lsz!",single_choice,FALSE,4,"{""options"": [""fÄ¹â€˜vÄ‚Ë‡ros"", ""szÄ‚Â©khely"", ""vÄ‚Ë‡ros"", ""kÄ‚Â¶zsÄ‚Â©g""], ""logic"": []}",FALSE,
QDEM1_5,QDEM1,5,Megye,single_choice,FALSE,5,recode,FALSE,
Q1_1,Q1,6,"Ãšgy Ã©rzem, hogy a kÃ¶rÃ¼lÃ¶ttem Ã©lÅ‘ emberek szÃ¡mÃ­thatnak rÃ¡m.",likert_1_4,FALSE,1,"{
  ""options"": [""egyÃ¡ltalÃ¡n nem igaz"", ""inkÃ¡bb nem igaz"", ""tÃ¶bbnyire igaz"", ""teljesen igaz""],
  ""logic"": []
}",FALSE,
Q1_2,Q1,7,"Ãšgy Ã©rzem, Ã©n is szÃ¡mÃ­thatok a kÃ¶rÃ¼lÃ¶ttem Ã©lÅ‘ emberekre.",likert_1_4,FALSE,2,"{
  ""options"": [""egyÃ¡ltalÃ¡n nem igaz"", ""inkÃ¡bb nem igaz"", ""tÃ¶bbnyire igaz"", ""teljesen igaz""],
  ""logic"": []
}",FALSE,
Q1_3,Q1,8,"RÃ©sze vagyok egy olyan csoportnak, amely fontos szÃ¡momra.",likert_1_4,FALSE,3,"{
  ""options"": [""egyÃ¡ltalÃ¡n nem igaz"", ""inkÃ¡bb nem igaz"", ""tÃ¶bbnyire igaz"", ""teljesen igaz""],
  ""logic"": []
}",FALSE,
Q1_4,Q1,9,"KÃ¶nnyen talÃ¡lok kÃ¶zÃ¶ssÃ©gi programokat vagy esemÃ©nyeket, amelyek Ã©rdekelnek.",likert_1_4,FALSE,4,"{
  ""options"": [""egyÃ¡ltalÃ¡n nem igaz"", ""inkÃ¡bb nem igaz"", ""tÃ¶bbnyire igaz"", ""teljesen igaz""],
  ""logic"": []
}",FALSE,
Q1_5,Q1,10,Az emberek a kÃ¶zÃ¶ssÃ©gemben tiszteletben tartjÃ¡k a vÃ©lemÃ©nyemet.,likert_1_4,FALSE,5,"{
  ""options"": [""egyÃ¡ltalÃ¡n nem igaz"", ""inkÃ¡bb nem igaz"", ""tÃ¶bbnyire igaz"", ""teljesen igaz""],
  ""logic"": []
}",FALSE,
Q1_6,Q1,11,"Ãšgy Ã©rzem, van kÃ¶zÃ¶s tÃ¶rtÃ©netÃ¼nk vagy Ã©rtÃ©keink a kÃ¶zÃ¶ssÃ©gemmel.",likert_1_4,FALSE,6,"{
  ""options"": [""egyÃ¡ltalÃ¡n nem igaz"", ""inkÃ¡bb nem igaz"", ""tÃ¶bbnyire igaz"", ""teljesen igaz""],
  ""logic"": []
}",FALSE,
NEED_1,NEED,12,"Mennyire Ã©rzed, hogy a kÃ¶rnyezetedben hiÃ¡nyoznak kÃ¶zÃ¶ssÃ©gi lehetÅ‘sÃ©gek?",likert_1_4,FALSE,1,"{
  ""options"": [""egyÃ¡ltalÃ¡n nem Ã©rezni"", ""inkÃ¡bb nem Ã©rezni"",  ""erÅ‘sen Ã©rezni"", ""nagyon erÅ‘sen Ã©rezni""],
  ""logic"": []
}",FALSE,
NEED_3,NEED,13,"Mennyire Ã©rzed, hogy vannak fel nem ismert kÃ¶zÃ¶ssÃ©gi problÃ©mÃ¡k a kÃ¶rnyÃ©keden?",likert_1_4,FALSE,3,"{
  ""options"": [""egyÃ¡ltalÃ¡n nem Ã©rezni"", ""inkÃ¡bb nem Ã©rezni"", ""erÅ‘sen Ã©rezni"", ""nagyon erÅ‘sen Ã©rezni""],
  ""logic"": []
}",FALSE,
NEED_4,NEED,14,Mennyire sÃ¼rgÅ‘snek Ã©rzed a sajÃ¡t igÃ©nyed kielÃ©gÃ­tÃ©sÃ©t?,likert_1_4,FALSE,4,"{
  ""options"": [""egyÃ¡ltalÃ¡n nem sÃ¼rgÅ‘s"", ""inkÃ¡bb nem sÃ¼rgÅ‘s"", ""elÃ©g sÃ¼rgÅ‘s"", ""nagyon sÃ¼rgÅ‘s""],
  ""logic"": []
}",FALSE,
NEED_6,NEED,15,Milyen terÃ¼leten Ã©rzel hiÃ¡nyt vagy szÃ¼ksÃ©get?,multiple_choice,FALSE,6,"{""options"": [""KÄ‚Â¶rnyezet & fenntarthatÄ‚Å‚sÄ‚Ë‡g"", ""KultÄ‚ÅŸra & mÄ¹Â±vÄ‚Â©szet"", ""OktatÄ‚Ë‡s & tanulÄ‚Ë‡s"", ""EgÄ‚Â©szsÄ‚Â©g & sport"", ""KÄ‚Â¶zÄ‚Â¶ssÄ‚Â©gi Ä‚Â©let & esemÄ‚Â©nyek"", ""SzociÄ‚Ë‡lis & segÄ‚Â­tsÄ‚Â©gnyÄ‚ÅŸjtÄ‚Ë‡s"", ""egyÄ‚Â©b""], ""logic"": []}",TRUE,
NEED_7,NEED,16,"Mi akadÃ¡lyozott eddig abban, hogy kielÃ©gÃ­tsd ezt az igÃ©nyt?â€",multiple_choice,FALSE,7,"{""options"":[""IdÄ¹â€˜hiÄ‚Ë‡ny"", ""InformÄ‚Ë‡ciÄ‚Å‚hiÄ‚Ë‡ny"", ""Anyagi korlÄ‚Ë‡t"", ""HozzÄ‚Ë‡fÄ‚Â©rÄ‚Â©s hiÄ‚Ë‡nya (hely/eszkoz)"", ""Kapcsolatok hiÄ‚Ë‡nya"", ""MotivÄ‚Ë‡ciÄ‚Å‚ ingadozÄ‚Ë‡sa"", ""AdminisztratÄ‚Â­v akadÄ‚Ë‡lyok"", ""EgyÄ‚Â©b""], ""logic"": []}",FALSE,
QDEM1_6,QDEM1,17,Mi a vÃ©gzettsÃ©ged?,single_choice,FALSE,6,"{""options"": [""Ä‚Ë‡ltalÄ‚Ë‡nos iskola"", ""kÄ‚Â¶zÄ‚Â©piskola"", ""felsÄ¹â€˜fokÄ‚ÅŸ"", ""mÄ‚Ë‡s""], ""logic"": []}",FALSE,
QDEM1_7,QDEM1,18,Mivel foglalkozol?,single_choice,FALSE,7,"{""options"": [""tanulÄ‚Å‚"", ""alkalmazott"", ""vÄ‚Ë‡llalkozÄ‚Å‚"", ""szabadÄ‚ÅŸszÄ‚Å‚"", ""hÄ‚Ë‡ztartÄ‚Ë‡sbeli"", ""munkanÄ‚Â©lkÄ‚Ä½li"", ""nyugdÄ‚Â­jas"", ""egyÄ‚Â©b""], ""logic"": []}",FALSE,
QDEM1_8,QDEM1,19,Milyen a hÃ¡ztartÃ¡sod?,single_choice,FALSE,8,"{""options"": [""egyedÄ‚Ä½l Ä‚Â©lek"", ""pÄ‚Ë‡rommal Ä‚Â©lek"", ""csalÄ‚Ë‡ddal Ä‚Â©lek"", ""tÄ‚Â¶bbgenerÄ‚Ë‡ciÄ‚Å‚s hÄ‚Ë‡ztartÄ‚Ë‡s"", ""kÄ‚Â¶zÄ‚Â¶ssÄ‚Â©gben Ä‚Â©lek""], ""logic"": []}",FALSE,
QDEM1_9,QDEM1,20,Mekkora hÃ¡ztartÃ¡sban Ã©lsz?,numeric,FALSE,9,{},FALSE,
QDEM1_10,QDEM1,21,Mi a csalÃ¡di Ã¡llapotod?,single_choice,FALSE,10,"{""options"": [""egyedÄ‚Ä½lÄ‚Ë‡llÄ‚Å‚"", ""pÄ‚Ë‡rkapcsolatban"", ""hÄ‚Ë‡zassÄ‚Ë‡gban"", ""elvÄ‚Ë‡lt"", ""Ä‚Â¶zvegy""], ""logic"": []}",FALSE,
Q1_7,Q1,22,Milyen gyakran veszel rÃ©szt helyi kÃ¶zÃ¶ssÃ©gi esemÃ©nyeken?,single_choice,FALSE,7,"{""options"": [""ritkÃ„â€šÃ‹â€¡n"", ""havonta"", ""hetente"", ""tÃ„â€šÃ‚Â¶bbszÃ„â€šÃ‚Â¶r hetente""], ""logic"": []}",FALSE,
Q1_8,Q1,23,Milyen formÃ¡ban szeretnÃ©l kÃ¶zÃ¶ssÃ©ghez kapcsolÃ³dni?,multiple_choice,FALSE,8,"{""options"": [""EsemÄ‚Â©nyeken valÄ‚Å‚ rÄ‚Â©szvÄ‚Â©tel"", ""Rendszeres kÄ‚Â¶zÄ‚Â¶ssÄ‚Â©gi klub"", ""Online csoport"", ""Ä‚â€“nkÄ‚Â©ntessÄ‚Â©g"", ""SajÄ‚Ë‡t projekt indÄ‚Â­tÄ‚Ë‡sa"", ""TÄ‚Ë‡mogatÄ‚Ë‡s (pÄ‚Â©nz/eszkÄ‚Â¶z/hely/tudÄ‚Ë‡s)"", ""EgyÄ‚Â©b""], ""logic"": []}",FALSE,
Q1_9,Q1,24,"Mi az elsÅ‘ hÃ¡rom dolog, ami eszedbe jut a â€kÃ¶zÃ¶ssÃ©gâ€ szÃ³rÃ³l?",open_text,FALSE,9,{},FALSE,
NEED_2,NEED,25,"Mennyire van szÃ¼ksÃ©ged Ãºj kapcsolÃ³dÃ¡si formÃ¡kra (barÃ¡tok, kÃ¶zÃ¶ssÃ©gi programok, tanulÃ¡si kÃ¶rÃ¶k stb.)?",likert_1_4,FALSE,2,"{
  ""options"": [""egyÃ¡ltalÃ¡n nem szÃ¼ksÃ©ges"", ""inkÃ¡bb nem szÃ¼ksÃ©ges"", ""tÃ¶bbnyire szÃ¼ksÃ©ges"", ""nagyon szÃ¼ksÃ©ges""],
  ""logic"": []
}",FALSE,
NEED_5,NEED,26,Mennyire Ã©rint ez a problÃ©ma mÃ¡sokat is a kÃ¶rnyezetedben?,likert_1_4,FALSE,5,"{
  ""options"": [""szinte senkit"", ""kevÃ©s embert"", ""kÃ¶zepes szÃ¡mÃº embert"", ""sok embert""],
  ""logic"": []
}",FALSE,
NEED_8,NEED,27,"Milyen tÃ¡mogatÃ¡sra lenne szÃ¼ksÃ©ged ahhoz, hogy ez az igÃ©ny kielÃ©gÃ¼ljÃ¶n?",multiple_choice,FALSE,8,"{""options"": [""helyszÄ‚Â­n"", ""tÄ‚Ë‡rsak"", ""tudÄ‚Ë‡s"", ""eszkÄ‚Â¶z"", ""pÄ‚Â©nz"", ""egyÄ‚Â©b""], ""logic"": []}",FALSE,
NEED_9,NEED,28,"Mi az a legfontosabb igÃ©ny, ami miatt csatlakoznÃ¡l egy kÃ¶zÃ¶ssÃ©ghez?",open_text,FALSE,9,{},FALSE,
SCS_Trust_1,SCS_Trust,29,ÃltalÃ¡ban megbÃ­zhatÃ³nak tartom az embereket a kÃ¶zÃ¶ssÃ©gemben.,likert_1_4,FALSE,1,"{
  ""options"": [""egyÃ¡ltalÃ¡n nem igaz"", ""inkÃ¡bb nem igaz"", ""tÃ¶bbnyire igaz"", ""teljesen igaz""],
  ""logic"": []
}",FALSE,"A válaszaid bizalmasak, és nem köthetõk vissza személyesen hozzád. 
Ez a kérdés a Közösségi Bizalom Index része, amelyet idõsoros ábrákon is követni fogunk. Megmutatja, mennyire stabil a közösségi együttmûködés."
SCS_Trust_2,SCS_Trust,30,Az emberek itt tÃ¶bbnyire tiszteletben tartjÃ¡k a szabÃ¡lyokat Ã©s egymÃ¡st.,likert_1_4,FALSE,2,"{
  ""options"": [""egyÃ¡ltalÃ¡n nem igaz"", ""inkÃ¡bb nem igaz"", ""tÃ¶bbnyire igaz"", ""teljesen igaz""],
  ""logic"": []
}",FALSE,"A válaszaid bizalmasak, és nem köthetõk vissza személyesen hozzád. 
Ez a kérdés a Közösségi Bizalom Index része, amelyet idõsoros ábrákon is követni fogunk. Megmutatja, mennyire stabil a közösségi együttmûködés."
SCS_Trust_3,SCS_Trust,31,"BÃ­zom benne, hogy a kÃ¶zÃ¶ssÃ©g tagjai segÃ­tenek, ha szÃ¼ksÃ©gem van rÃ¡.",likert_1_4,FALSE,3,"{
  ""options"": [""egyÃ¡ltalÃ¡n nem igaz"", ""inkÃ¡bb nem igaz"", ""tÃ¶bbnyire igaz"", ""teljesen igaz""],
  ""logic"": []
}",FALSE,"A válaszaid bizalmasak, és nem köthetõk vissza személyesen hozzád. 
Ez a kérdés a Közösségi Bizalom Index része, amelyet idõsoros ábrákon is követni fogunk. Megmutatja, mennyire stabil a közösségi együttmûködés."
SCS_Trust_4,SCS_Trust,32,A kÃ¶rnyezetemben az emberek Ã¡ltalÃ¡ban jÃ³ szÃ¡ndÃ©kÃºak.,likert_1_4,FALSE,4,"{
  ""options"": [""egyÃ¡ltalÃ¡n nem igaz"", ""inkÃ¡bb nem igaz"", ""tÃ¶bbnyire igaz"", ""teljesen igaz""],
  ""logic"": []
}",FALSE,"A válaszaid bizalmasak, és nem köthetõk vissza személyesen hozzád. 
Ez a kérdés a Közösségi Bizalom Index része, amelyet idõsoros ábrákon is követni fogunk. Megmutatja, mennyire stabil a közösségi együttmûködés."
SCS_Trust_5,SCS_Trust,33,SzÃ­vesen bÃ­znÃ©k meg kÃ¶zÃ¶ssÃ©gi Ã¼gyekben a kÃ¶rnyÃ©kbeliekben.,likert_1_4,FALSE,5,"{
  ""options"": [""egyÃ¡ltalÃ¡n nem igaz"", ""inkÃ¡bb nem igaz"", ""tÃ¶bbnyire igaz"", ""teljesen igaz""],
  ""logic"": []
}",FALSE,"A válaszaid bizalmasak, és nem köthetõk vissza személyesen hozzád. 
Ez a kérdés a Közösségi Bizalom Index része, amelyet idõsoros ábrákon is követni fogunk. Megmutatja, mennyire stabil a közösségi együttmûködés."
SCS_Trust_6,SCS_Trust,34,"Ãšgy Ã©rzem, hogy a helyi kÃ¶zÃ¶ssÃ©g intÃ©zmÃ©nyei (pl. egyesÃ¼letek, Ã¶nkormÃ¡nyzat) megbÃ­zhatÃ³ak.",likert_1_4,FALSE,6,"{
  ""options"": [""egyÃ¡ltalÃ¡n nem igaz"", ""inkÃ¡bb nem igaz"", ""tÃ¶bbnyire igaz"", ""teljesen igaz""],
  ""logic"": []
}",FALSE,"A válaszaid bizalmasak, és nem köthetõk vissza személyesen hozzád. 
Ez a kérdés a Közösségi Bizalom Index része, amelyet idõsoros ábrákon is követni fogunk. Megmutatja, mennyire stabil a közösségi együttmûködés."
LOCAL_1,LOCAL,35,"Mennyire Ã©rzed, hogy a lakÃ³helyeden elegendÅ‘ kÃ¶zÃ¶ssÃ©gi tÃ©r Ã¡ll rendelkezÃ©sre (pl. kÃ¶zÃ¶ssÃ©gi hÃ¡z, park, sportpÃ¡lya)?",likert_1_4,FALSE,1,"{
  ""options"": [""nagyon kevÃ©s"", ""inkÃ¡bb kevÃ©s"", ""Ã©ppen elÃ©g"", ""inkÃ¡bb sok"", ""nagyon sok""],
  ""logic"": []
}",FALSE,
LOCAL_2,LOCAL,36,Mennyire kÃ¶nnyÅ± megtalÃ¡lni a helyi programokrÃ³l Ã©s kÃ¶zÃ¶ssÃ©gekrÅ‘l szÃ³lÃ³ informÃ¡ciÃ³kat?,likert_1_4,FALSE,2,"{
  ""options"": [""szinte lehetetlen"", ""elÃ©g nehÃ©z"", ""meg tudom oldani"", ""inkÃ¡bb egyszerÅ±"", ""nagyon egyszerÅ±""],
  ""logic"": []
}",FALSE,
LOCAL_3,LOCAL,37,Mennyire Ã©rzed szervezettnek a helyi kÃ¶zÃ¶ssÃ©gi Ã©letet?,likert_1_4,FALSE,3,"{
  ""options"": [""teljesen szervezetlen"", ""inkÃ¡bb szervezetlen"", ""inkÃ¡bb szervezett"", ""nagyon szervezett""],
  ""logic"": []
}",FALSE,
LOCAL_4,LOCAL,38,Mi akadÃ¡lyoz leginkÃ¡bb a helyi kÃ¶zÃ¶ssÃ©gi Ã©letben valÃ³ rÃ©szvÃ©telben?,multiple_choice,FALSE,4,"{""options"": [""nincs megfelelÅ‘ helyszÃ­n"", ""nincs elÃ©g informÃ¡ciÃ³"", ""idÅ‘hiÃ¡ny"", ""kÃ¶zlekedÃ©si nehÃ©zsÃ©gek"", ""anyagi akadÃ¡lyok"", ""egyÃ©b""], ""logic"": []}",TRUE,
LOCAL_5,LOCAL,39,Mit Ã©rzel leginkÃ¡bb hiÃ¡nyzÃ³ elemnek a kÃ¶zÃ¶ssÃ©gi infrastruktÃºrÃ¡ban?,multiple_choice,FALSE,5,"{""options"": [""talÃ¡lkozÃ³helyek"", ""rendszeres programok"", ""kÃ¶zÃ¶ssÃ©gi kommunikÃ¡ciÃ³s csatorna"", ""tÃ¡mogatÃ³ szolgÃ¡ltatÃ¡sok (pl. mentorÃ¡lÃ¡s, forrÃ¡sok)"", ""kÃ¶zÃ¶ssÃ©gi vezetÅ‘k, szervezÅ‘k"", ""egyÃ©b""], ""logic"": []}",TRUE,
LOCAL_6,LOCAL,40,"Ha egy dolgot vÃ¡ltoztathatnÃ¡l a lakÃ³helyed kÃ¶zÃ¶ssÃ©gi Ã©letÃ©ben, mi lenne az?",open_text,FALSE,6,{},FALSE,
CE_1,CE,,Az emberek a kÃ¶zÃ¶ssÃ©gemben tÃ¶rÅ‘dnek egymÃ¡ssal.,likert_1_4,FALSE,1,"{
  ""options"": [""egyÃ¡ltalÃ¡n nem igaz"", ""inkÃ¡bb nem igaz"", ""tÃ¶bbnyire igaz"", ""teljesen igaz""],
  ""logic"": []
}",FALSE,
CE_2,CE,,"BÃ­zom benne, hogy a kÃ¶zÃ¶ssÃ©gem tagjai Ã¶sszefognak, ha problÃ©ma adÃ³dik.",likert_1_4,FALSE,2,"{
  ""options"": [""egyÃ¡ltalÃ¡n nem igaz"", ""inkÃ¡bb nem igaz"", ""tÃ¶bbnyire igaz"", ""teljesen igaz""],
  ""logic"": []
}",FALSE,
CE_3,CE,,"A kÃ¶zÃ¶ssÃ©gemben az emberek segÃ­tenek egymÃ¡snak, ha szÃ¼ksÃ©g van rÃ¡.",likert_1_4,FALSE,3,"{
  ""options"": [""egyÃ¡ltalÃ¡n nem igaz"", ""inkÃ¡bb nem igaz"", ""tÃ¶bbnyire igaz"", ""teljesen igaz""],
  ""logic"": []
}",FALSE,
CE_4,CE,,"Ha valami helytelen tÃ¶rtÃ©nne a kÃ¶rnyÃ©ken, a kÃ¶zÃ¶ssÃ©g Ã¶sszefogna, hogy megÃ¡llÃ­tsa.",likert_1_4,FALSE,4,"{
  ""options"": [""egyÃ¡ltalÃ¡n nem igaz"", ""inkÃ¡bb nem igaz"", ""tÃ¶bbnyire igaz"", ""teljesen igaz""],
  ""logic"": []
}",FALSE,
CE_5,CE,,A kÃ¶zÃ¶ssÃ©gemben kÃ©pesek vagyunk egyÃ¼tt dolgozni kÃ¶zÃ¶s cÃ©lokÃ©rt.,likert_1_4,FALSE,5,"{
  ""options"": [""egyÃ¡ltalÃ¡n nem igaz"", ""inkÃ¡bb nem igaz"", ""tÃ¶bbnyire igaz"", ""teljesen igaz""],
  ""logic"": []
}",FALSE,
CE_6,CE,,"Ãšgy Ã©rzem, hogy a kÃ¶zÃ¶ssÃ©gem kÃ©pes befolyÃ¡solni a jÃ¶vÅ‘jÃ©t.",likert_1_4,FALSE,6,"{
  ""options"": [""egyÃ¡ltalÃ¡n nem igaz"", ""inkÃ¡bb nem igaz"", ""tÃ¶bbnyire igaz"", ""teljesen igaz""],
  ""logic"": []
}",FALSE,
COMM_1,COMM,,KÃ¶zÃ¶ssÃ©g neve,open_text,FALSE,1,{},FALSE,
COMM_10,COMM,,"Mi az a legfontosabb Ã©rtÃ©k vagy cÃ©l, ami Ã¶sszetartja a kÃ¶zÃ¶ssÃ©geteket?",open_text,FALSE,10,{},FALSE,
COMM_2,COMM,,Mutasd be rÃ¶viden a kÃ¶zÃ¶ssÃ©gedet!,open_text,FALSE,2,{},FALSE,
COMM_3,COMM,,Milyen tÃ­pusÃº kÃ¶zÃ¶ssÃ©getek van?,multiple_choice,FALSE,3,"{""options"": [""kÄ‚Â¶zÄ‚Â¶ssÄ‚Â©g"", ""esemÄ‚Â©ny"", ""szolgÄ‚Ë‡ltatÄ‚Ë‡s"", ""projekt"",  ""egyÄ‚Â©b""], ""logic"": []}",FALSE,
COMM_4,COMM,,Milyen terÃ¼lethez sorolnÃ¡d a kÃ¶zÃ¶ssÃ©get?,multiple_choice,FALSE,4,"{""options"": [""KÄ‚Â¶rnyezet & fenntarthatÄ‚Å‚sÄ‚Ë‡g"", ""KultÄ‚ÅŸra & mÄ¹Â±vÄ‚Â©szet"", ""OktatÄ‚Ë‡s & tanulÄ‚Ë‡s"", ""EgÄ‚Â©szsÄ‚Â©g & sport"", ""KÄ‚Â¶zÄ‚Â¶ssÄ‚Â©gi Ä‚Â©let & esemÄ‚Â©nyek"", ""SzociÄ‚Ë‡lis & segÄ‚Â­tsÄ‚Â©gnyÄ‚ÅŸjtÄ‚Ë‡s"", ""egyÄ‚Â©b""], ""follow_ups"": ""KÄ‚Â¶rnyezet & fenntarthatÄ‚Å‚sÄ‚Ë‡g"": [""COMM_4_1""], ""KultÄ‚ÅŸra & mÄ¹Â±vÄ‚Â©szet"": [""COMM_4_2""], ""OktatÄ‚Ë‡s & tanulÄ‚Ë‡s"": [""COMM_4_3""], ""EgÄ‚Â©szsÄ‚Â©g & sport"": [""COMM_4_4""], ""KÄ‚Â¶zÄ‚Â¶ssÄ‚Â©gi Ä‚Â©let & esemÄ‚Â©nyek"": [""COMM_4_5""], ""SzociÄ‚Ë‡lis & segÄ‚Â­tsÄ‚Â©gnyÄ‚ÅŸjtÄ‚Ë‡s"": [""COMM_4_6""]}",TRUE,
COMM_4_1,COMM,,Milyen tÃ­pusÃº kÃ¶rnyezeti vagy fenntarthatÃ³sÃ¡gi kezdemÃ©nyezÃ©sek Ã©rdekelnÃ©nek leginkÃ¡bb?,multiple_choice,FALSE,3,"{""options"": [""kÄ‚Â¶zÄ‚Â¶ssÄ‚Â©gi kert"", ""faültetés, zöldítés"", ""hulladékcsökkentés / újrahasznosítás"", ""szemétszedõ akciók"", ""zero waste workshopok"", ""energiahatékonysági kezdeményezések"", ""természetvédelmi túrák, ökoturizmus"", ""közösségi megosztás (pl. eszközkölcsönzõ)"", ""komposztálás / élelmiszermentés"", ""egyÄ‚Â©b""], ""logic"": []}",TRUE,
COMM_4_2,COMM,,Milyen tÃ­pusÃº kulturÃ¡lis vagy mÅ±vÃ©szeti kezdemÃ©nyezÃ©sek Ã©rdekelnÃ©nek leginkÃ¡bb?,multiple_choice,FALSE,3,"{""options"": [""kiállítás / galéria"", ""közös alkotótér"", ""Zenei esemény / koncert"", ""Színház / elõadómûvészet"", ""Filmklub / mozi"", ""Irodalmi est / könyvklub"", ""Fesztivál / nagyobb közösségi program"", ""Hagyományõrzõ programok"", ""Kreatív workshop"", ""egyÄ‚Â©b""], ""logic"": []}",TRUE,
COMM_4_3,COMM,,Milyen tÃ­pusÃº oktatÃ¡si vagy tanulÃ¡si kezdemÃ©nyezÃ©sek Ã©rdekelnÃ©nek leginkÃ¡bb?,multiple_choice,FALSE,3,"{""options"": [""Mentorálás (szakmai, életvezetési)"", ""Tanulókör / szakkör"", ""Nyelvtanulás"", ""Digitális készségek fejlesztése"", ""Workshop / tréning"", ""Online kurzus"", ""Tudományos elõadás / meet-up"", ""Közösségi könyvtár / tudásmegosztás"", ""Ifjúsági oktatási programok"", ""egyÄ‚Â©b""], ""logic"": []}",TRUE,
COMM_4_4,COMM,,Milyen tÃ­pusÃº egÃ©szsÃ©ghez vagy sporthoz kapcsolÃ³dÃ³ program vagy kÃ¶zÃ¶ssÃ©g Ã©rdekelne leginkÃ¡bb?,multiple_choice,FALSE,3,"{""options"": [""Jóga"", ""Futás"", ""Kerékpár / túrázás"", ""Csapatsport"", ""Egészséges életmód workshop"", ""Mentális egészség / lelki támogatás"", ""Relaxáció, meditáció"", ""Fitnesz / erõsítõ edzés"", ""Tánc"", ""egyÄ‚Â©b""], ""logic"": []}",TRUE,
COMM_4_5,COMM,,Milyen tÃ­pusÃº kÃ¶zÃ¶ssÃ©gi esemÃ©nyeken vennÃ©l rÃ©szt legszÃ­vesebben?,multiple_choice,FALSE,3,"{""options"": [""Közös fõzés / gasztro esemény"", ""Helyi fesztivál / vásár"", ""Klubtalálkozó (hobbik szerint)"", ""Szomszédsági összejövetel"", ""Játékest / társasjáték klub"", ""Közös kirándulás, túra"", ""Ünnepi program"", ""Online közösségi esemény"", ""Táncház / bál"", ""egyÄ‚Â©b""], ""logic"": []}",TRUE,
COMM_4_6,COMM,,Milyen formÃ¡ban vennÃ©l rÃ©szt szociÃ¡lis vagy segÃ­tsÃ©gnyÃºjtÃ³ programban?,multiple_choice,FALSE,3,"{""options"": [""Önkéntesség"", ""Adománygyûjtés (pénz / tárgy)"", ""Idõsgondozás"", ""Gyermekek támogatása"", ""Hajléktalan-segítés"", ""Élelmiszerosztás / közösségi konyha"", ""Krízissegítés"", ""Szakmai tudás megosztása"", ""Lelki támogatás"", ""egyÄ‚Â©b""], ""logic"": []}",TRUE,
COMM_5,COMM,,Hol mÅ±kÃ¶dik a kÃ¶zÃ¶ssÃ©g?,multiple_choice,FALSE,5,"{""options"": [""konkrÄ‚Â©t telepÄ‚Ä½lÄ‚Â©s"", ""jÄ‚Ë‡rÄ‚Ë‡s/vÄ‚Ë‡rmegye"", ""orszÄ‚Ë‡gos"", ""online"", ""nincs preferencia""], ""logic"": []}",FALSE,
COMM_6,COMM,,HÃ¡ny aktÃ­v tagja van a kÃ¶zÃ¶ssÃ©gnek?,single_choice,FALSE,6,"{""options"": [""1-10 fÄ¹â€˜"", ""11-25 fÄ¹â€˜"", ""26-50 fÄ¹â€˜"", ""51-100 fÄ¹â€˜"", ""tÄ‚Â¶bb mint 100 fÄ¹â€˜""], ""logic"": []}",FALSE,
COMM_7,COMM,,Milyen tÃ­pusÃº aktivitÃ¡sokat szoktatok szervezni?,multiple_choice,FALSE,7,"{""options"": [""rendszeres talÄ‚Ë‡lkozÄ‚Å‚k"", ""alkalmi esemÄ‚Â©nyek"", ""folyamatos mÄ¹Â±kÄ‚Â¶dÄ‚Â©s"", ""online aktivitÄ‚Ë‡s"",  ""projekt alapÄ‚ÅŸ"",  ""egyÄ‚Â©b""], ""logic"": []}",FALSE,
COMM_8,COMM,,"Mi az, amin keresztÃ¼l tudtok mÃ¡sokhoz kapcsolÃ³dni?",multiple_choice,FALSE,8,"{""options"": [""helyszÄ‚Â­n"", ""tudÄ‚Ë‡s"", ""eszkÄ‚Â¶zÄ‚Â¶k"", ""kapcsolati hÄ‚Ë‡lÄ‚Å‚"",  ""tapasztalat"",  ""egyÄ‚Â©b""], ""logic"": []}",FALSE,
COMM_9,COMM,,"Mi az, amiben nektek lenne szÃ¼ksÃ©getek tÃ¡mogatÃ¡sra?",multiple_choice,FALSE,9,"{""options"": [""tÄ‚Ë‡rsak"", ""erÄ¹â€˜forrÄ‚Ë‡s"", ""eszkÄ‚Â¶zÄ‚Â¶k"", ""kommunikÄ‚Ë‡ciÄ‚Å‚"",  ""anyagi tÄ‚Ë‡mogatÄ‚Ë‡s"", ""mentorÄ‚Ë‡lÄ‚Ë‡s"",  ""egyÄ‚Â©b""], ""logic"": []}",FALSE,
IDEA_1,IDEA,,Ã–tlet cÃ­me,open_text,FALSE,1,{},FALSE,
IDEA_10,IDEA,,Mennyire Ã¡ll kÃ©szen az Ã¶tlet a megvalÃ³sÃ­tÃ¡sra?,likert_1_5,FALSE,16,"{
  ""options"": [""csak Ã¶tlet"", ""beszÃ©lgetÃ©s alatt"", ""prÃ³bÃ¡lkozÃ¡sok voltak"", ""rÃ©szben mÅ±kÃ¶dik"", ""mÅ±kÃ¶dÅ‘ kezdemÃ©nyezÃ©s""],
  ""logic"": []
}",FALSE,
IDEA_11,IDEA,,Mi valÃ³sult meg eddig az Ã¶tletbÅ‘l?,multiple_choice,FALSE,17,"{""options"": [""csak Ä‚Â¶tlet szinten van"", ""mÄ‚Ë‡r van Ä‚Â©rdeklÄ¹â€˜dÄ¹â€˜ kÄ‚Â¶zÄ‚Â¶ssÄ‚Â©g"", ""mÄ‚Ë‡r az elsÄ¹â€˜ prÄ‚Å‚bÄ‚Ë‡lkozÄ‚Ë‡sok is meg voltak"", ""rendszeresen mÄ¹Â±kÄ‚Â¶dik""], ""logic"": []}",FALSE,
IDEA_2,IDEA,,MirÅ‘l szÃ³lna a projekt?,open_text,FALSE,2,{},FALSE,
IDEA_3,IDEA,,Milyen tÃ­pusÃº Ã¶tleted van?,multiple_choice,FALSE,3,"{""options"": [""kÄ‚Â¶zÄ‚Â¶ssÄ‚Â©g"", ""esemÄ‚Â©ny"", ""szolgÄ‚Ë‡ltatÄ‚Ë‡s"", ""projekt"",  ""egyÄ‚Â©b""], ""logic"": []}",FALSE,
IDEA_4,IDEA,,Milyen terÃ¼lethez sorolnÃ¡d az Ã¶tleted?,multiple_choice,FALSE,4,"{""options"": [""KÄ‚Â¶rnyezet & fenntarthatÄ‚Å‚sÄ‚Ë‡g"", ""KultÄ‚ÅŸra & mÄ¹Â±vÄ‚Â©szet"", ""OktatÄ‚Ë‡s & tanulÄ‚Ë‡s"", ""EgÄ‚Â©szsÄ‚Â©g & sport"", ""KÄ‚Â¶zÄ‚Â¶ssÄ‚Â©gi Ä‚Â©let & esemÄ‚Â©nyek"", ""SzociÄ‚Ë‡lis & segÄ‚Â­tsÄ‚Â©gnyÄ‚ÅŸjtÄ‚Ë‡s"", ""egyÄ‚Â©b""], ""follow_ups"": ""KÄ‚Â¶rnyezet & fenntarthatÄ‚Å‚sÄ‚Ë‡g"": [""IDEA_4_1""], ""KultÄ‚ÅŸra & mÄ¹Â±vÄ‚Â©szet"": [""IDEA_4_2""], ""OktatÄ‚Ë‡s & tanulÄ‚Ë‡s"": [""IDEA_4_3""], ""EgÄ‚Â©szsÄ‚Â©g & sport"": [""IDEA_4_4""], ""KÄ‚Â¶zÄ‚Â¶ssÄ‚Â©gi Ä‚Â©let & esemÄ‚Â©nyek"": [""IDEA_4_5""], ""SzociÄ‚Ë‡lis & segÄ‚Â­tsÄ‚Â©gnyÄ‚ÅŸjtÄ‚Ë‡s"": [""IDEA_4_6""]}",TRUE,
IDEA_4_1,IDEA,,Milyen tÃ­pusÃº kÃ¶rnyezeti vagy fenntarthatÃ³sÃ¡gi ötletrõl lenne szó?,multiple_choice,FALSE,5,"{""options"": [""kÄ‚Â¶zÄ‚Â¶ssÄ‚Â©gi kert"", ""faültetés, zöldítés"", ""hulladékcsökkentés / újrahasznosítás"", ""szemétszedõ akciók"", ""zero waste workshopok"", ""energiahatékonysági kezdeményezések"", ""természetvédelmi túrák, ökoturizmus"", ""közösségi megosztás (pl. eszközkölcsönzõ)"", ""komposztálás / élelmiszermentés"", ""egyÄ‚Â©b""], ""logic"": []}",TRUE,
IDEA_4_2,IDEA,,Milyen tÃ­pusÃº kulturÃ¡lis vagy mÅ±vÃ©szeti ötletrõl lenne szó?,multiple_choice,FALSE,6,"{""options"": [""kiállítás / galéria"", ""közös alkotótér"", ""Zenei esemény / koncert"", ""Színház / elõadómûvészet"", ""Filmklub / mozi"", ""Irodalmi est / könyvklub"", ""Fesztivál / nagyobb közösségi program"", ""Hagyományõrzõ programok"", ""Kreatív workshop"", ""egyÄ‚Â©b""], ""logic"": []}",TRUE,
IDEA_4_3,IDEA,,Milyen tÃ­pusÃº oktatÃ¡si vagy tanulÃ¡si ötletrõl lenne szó?,multiple_choice,FALSE,7,"{""options"": [""Mentorálás (szakmai, életvezetési)"", ""Tanulókör / szakkör"", ""Nyelvtanulás"", ""Digitális készségek fejlesztése"", ""Workshop / tréning"", ""Online kurzus"", ""Tudományos elõadás / meet-up"", ""Közösségi könyvtár / tudásmegosztás"", ""Ifjúsági oktatási programok"", ""egyÄ‚Â©b""], ""logic"": []}",TRUE,
IDEA_4_4,IDEA,,Milyen tÃ­pusÃº egÃ©szsÃ©ghez vagy sporthoz ötletrõl lenne szó?,multiple_choice,FALSE,8,"{""options"": [""Jóga"", ""Futás"", ""Kerékpár / túrázás"", ""Csapatsport"", ""Egészséges életmód workshop"", ""Mentális egészség / lelki támogatás"", ""Relaxáció, meditáció"", ""Fitnesz / erõsítõ edzés"", ""Tánc"", ""egyÄ‚Â©b""], ""logic"": []}",TRUE,
IDEA_4_5,IDEA,,Milyen tÃ­pusÃº kÃ¶zÃ¶ssÃ©gi ötletrõl lenne szó?,multiple_choice,FALSE,9,"{""options"": [""Közös fõzés / gasztro esemény"", ""Helyi fesztivál / vásár"", ""Klubtalálkozó (hobbik szerint)"", ""Szomszédsági összejövetel"", ""Játékest / társasjáték klub"", ""Közös kirándulás, túra"", ""Ünnepi program"", ""Online közösségi esemény"", ""Táncház / bál"", ""egyÄ‚Â©b""], ""logic"": []}",TRUE,
IDEA_4_6,IDEA,,Milyen formájú szociÃ¡lis vagy segÃ­tsÃ©gnyÃºjtÃ³ programötletrõl lenne szó?,multiple_choice,FALSE,10,"{""options"": [""Önkéntesség"", ""Adománygyûjtés (pénz / tárgy)"", ""Idõsgondozás"", ""Gyermekek támogatása"", ""Hajléktalan-segítés"", ""Élelmiszerosztás / közösségi konyha"", ""Krízissegítés"", ""Szakmai tudás megosztása"", ""Lelki támogatás"", ""egyÄ‚Â©b""], ""logic"": []}",TRUE,
IDEA_5,IDEA,,Hol valÃ³sÃ­tanÃ¡d meg?,multiple_choice,FALSE,11,"{""options"": [""konkrÄ‚Â©t telepÄ‚Ä½lÄ‚Â©s"", ""jÄ‚Ë‡rÄ‚Ë‡s/vÄ‚Ë‡rmegye"", ""orszÄ‚Ë‡gos"", ""online"", ""nincs preferencia""], ""logic"": []}",FALSE,
IDEA_6,IDEA,,Mi a kapcsolÃ³dÃ¡si szÃ¡ndÃ©ka?,multiple_choice,FALSE,12,"{""options"": [""szervezÄ¹â€˜ket keresek"", ""rÄ‚Â©sztvevÄ¹â€˜ket keresek"", ""tÄ‚Ë‡mogatÄ‚Å‚kat keresek"" ], ""logic"": []}",FALSE,
IDEA_7,IDEA,,Mekkora hatÃ¡ssal lenne a kÃ¶zÃ¶ssÃ©gre az Ã¶tlet megvalÃ³sulÃ¡sa?,likert_1_4,FALSE,13,"{
  ""options"": [""semmilyen hatÃ¡s"", ""kis hatÃ¡s"", ""kÃ¶zepes hatÃ¡s"", ""jelentÅ‘s hatÃ¡s""],
  ""logic"": []
}",FALSE,
IDEA_8,IDEA,,Kiket Ã©rintene leginkÃ¡bb az Ã¶tleted?,multiple_choice,FALSE,14,"{""options"": [""helyi lakosokat"", ""fiatalokat"", ""idÄ¹â€˜seket"", ""csalÄ‚Ë‡dokat"", ""egyÄ‚Â©b"" ], ""logic"": []}",FALSE,
IDEA_9,IDEA,,Milyen erÅ‘forrÃ¡sok Ã¡llnak most a rendelkezÃ©sedre?,multiple_choice,FALSE,15,"{""options"": [""tÄ‚Ë‡rsak"", ""helyszÄ‚Â­n"", ""tudÄ‚Ë‡s"", ""eszkÄ‚Â¶z"", ""pÄ‚Â©nzÄ‚Ä½gyi forrÄ‚Ë‡s"", ""mÄ‚Â©g semmi"", ""egyÄ‚Â©b"" ], ""logic"": []}",FALSE,
QENV_1,QENV,,"Mennyire fontos szÃ¡modra, hogy legyenek kÃ¶zÃ¶ssÃ©gi kÃ¶rnyezetvÃ©delmi vagy fenntarthatÃ³sÃ¡gi programok?",likert_1_4,FALSE,1,"{
  ""options"": [""egyÃ¡ltalÃ¡n nem fontos"", ""kevÃ©ssÃ© fontos"", ""fontos"", ""nagyon fontos""],
  ""logic"": []
}",FALSE,
QENV_2,QENV,,"Mennyire hiÃ¡nyoznak a kÃ¶rnyezetedben a fenntarthatÃ³sÃ¡gi lehetÅ‘sÃ©gek (pl. kÃ¶zÃ¶ssÃ©gi kert, hulladÃ©kcsÃ¶kkentÃ©s)?",likert_1_4,FALSE,2,"{
  ""options"": [""egyÃ¡ltalÃ¡n nem hiÃ¡nyzik"", ""inkÃ¡bb nem hiÃ¡nyzik"", ""elÃ©g erÅ‘sen hiÃ¡nyzik"", ""nagyon erÅ‘sen hiÃ¡nyzik""],
  ""logic"": []
}",FALSE,
QENV_3,QENV,,Milyen tÃ­pusÃº kÃ¶rnyezeti vagy fenntarthatÃ³sÃ¡gi kezdemÃ©nyezÃ©sek Ã©rdekelnÃ©nek leginkÃ¡bb?,multiple_choice,FALSE,3,"{""options"": [""kÄ‚Â¶zÄ‚Â¶ssÄ‚Â©gi kert"", ""faültetés, zöldítés"", ""hulladékcsökkentés / újrahasznosítás"", ""szemétszedõ akciók"", ""zero waste workshopok"", ""energiahatékonysági kezdeményezések"", ""természetvédelmi túrák, ökoturizmus"", ""közösségi megosztás (pl. eszközkölcsönzõ)"", ""komposztálás / élelmiszermentés"", ""egyÄ‚Â©b""], ""logic"": []}",TRUE,
QENV_4,QENV,,Milyen formÃ¡ban szeretnÃ©l ehhez a terÃ¼lethez csatlakozni?,multiple_choice,FALSE,4,"{""options"": [""rÄ‚Â©sztvevÄ¹â€˜"", ""szervezÄ¹â€˜"", ""tÄ‚Ë‡mogatÄ‚Å‚"", ""Ä‚Â©rdeklÄ¹â€˜dÄ¹â€˜"",  ""egyÄ‚Â©b""], ""logic"": []}",FALSE,
QENV_5,QENV,,Milyen tÃ­pusÃº kezdemÃ©nyezÃ©seket szeretnÃ©l ezen a terÃ¼leten elÃ©rni?,multiple_choice,FALSE,5,"{""options"": [""kÄ‚Â¶zÄ‚Â¶ssÄ‚Â©g"", ""esemÄ‚Â©ny"", ""szolgÄ‚Ë‡ltatÄ‚Ë‡s"", ""projekt"",  ""egyÄ‚Â©b""], ""logic"": []}",FALSE,
QENV_6,QENV,,"Ha egyetlen kÃ¶rnyezeti vagy fenntarthatÃ³sÃ¡gi kÃ¶zÃ¶ssÃ©gi kezdemÃ©nyezÃ©st indÃ­thatnÃ¡l, mi lenne az?",open_text,FALSE,6,{},FALSE,
QCUL_1,QCUL,,"Mennyire fontos szÃ¡modra, hogy a kÃ¶zÃ¶ssÃ©gedben legyenek kulturÃ¡lis programok Ã©s mÅ±vÃ©szeti lehetÅ‘sÃ©gek?",likert_1_4,FALSE,1,"{
  ""options"": [""egyÃ¡ltalÃ¡n nem fontos"", ""kevÃ©ssÃ© fontos"", ""fontos"", ""nagyon fontos""],
  ""logic"": []
}",FALSE,
QCUL_2,QCUL,,"Mennyire hiÃ¡nyoznak a kÃ¶rnyezetedben a kulturÃ¡lis alkalmak (pl. kiÃ¡llÃ­tÃ¡s, koncert, kÃ¶zÃ¶s alkotÃ³tÃ©r)?",likert_1_4,FALSE,2,"{
  ""options"": [""egyÃ¡ltalÃ¡n nem hiÃ¡nyzik"", ""inkÃ¡bb nem hiÃ¡nyzik"", ""elÃ©g erÅ‘sen hiÃ¡nyzik"", ""nagyon erÅ‘sen hiÃ¡nyzik""],
  ""logic"": []
}",FALSE,
QCUL_3,QCUL,,Milyen tÃ­pusÃº kulturÃ¡lis vagy mÅ±vÃ©szeti kezdemÃ©nyezÃ©sek Ã©rdekelnÃ©nek leginkÃ¡bb?,multiple_choice,FALSE,3,"{""options"": [""kiállítás / galéria"", ""közös alkotótér"", ""Zenei esemény / koncert"", ""Színház / elõadómûvészet"", ""Filmklub / mozi"", ""Irodalmi est / könyvklub"", ""Fesztivál / nagyobb közösségi program"", ""Hagyományõrzõ programok"", ""Kreatív workshop"", ""egyÄ‚Â©b""], ""logic"": []}",TRUE,
QCUL_4,QCUL,,Milyen formÃ¡ban szeretnÃ©l ehhez a terÃ¼lethez csatlakozni?,multiple_choice,FALSE,4,"{""options"": [""rÄ‚Â©sztvevÄ¹â€˜"", ""szervezÄ¹â€˜"", ""tÄ‚Ë‡mogatÄ‚Å‚"", ""Ä‚Â©rdeklÄ¹â€˜dÄ¹â€˜"",  ""egyÄ‚Â©b""], ""logic"": []}",FALSE,
QCUL_5,QCUL,,Milyen tÃ­pusÃº kezdemÃ©nyezÃ©seket szeretnÃ©l ezen a terÃ¼leten elÃ©rni?,multiple_choice,FALSE,5,"{""options"": [""kÄ‚Â¶zÄ‚Â¶ssÄ‚Â©g"", ""esemÄ‚Â©ny"", ""szolgÄ‚Ë‡ltatÄ‚Ë‡s"", ""projekt"",  ""egyÄ‚Â©b""], ""logic"": []}",FALSE,
QCUL_6,QCUL,,"Ha egyetlen kulturÃ¡lis vagy mÅ±vÃ©szeti kÃ¶zÃ¶ssÃ©gi kezdemÃ©nyezÃ©st indÃ­thatnÃ¡l, mi lenne az?",open_text,FALSE,6,{},FALSE,
QEDU_1,QEDU,,"Mennyire fontos szÃ¡modra, hogy legyenek kÃ¶zÃ¶ssÃ©gi tanulÃ¡si lehetÅ‘sÃ©gek a kÃ¶rnyezetedben?",likert_1_4,FALSE,1,"{
  ""options"": [""egyÃ¡ltalÃ¡n nem fontos"", ""kevÃ©ssÃ© fontos"", ""fontos"", ""nagyon fontos""],
  ""logic"": []
}",FALSE,
QEDU_2,QEDU,,"Mennyire hiÃ¡nyoznak a kÃ¶rnyezetedben a tanulÃ¡si Ã©s tudÃ¡smegosztÃ¡si alkalmak (pl. tanulÃ³kÃ¶r, workshop, mentorÃ¡lÃ¡s)?",likert_1_4,FALSE,2,"{
  ""options"": [""egyÃ¡ltalÃ¡n nem hiÃ¡nyzik"", ""inkÃ¡bb nem hiÃ¡nyzik"", ""elÃ©g erÅ‘sen hiÃ¡nyzik"", ""nagyon erÅ‘sen hiÃ¡nyzik""],
  ""logic"": []
}",FALSE,
QEDU_3,QEDU,,Milyen tÃ­pusÃº oktatÃ¡si vagy tanulÃ¡si kezdemÃ©nyezÃ©sek Ã©rdekelnÃ©nek leginkÃ¡bb?,multiple_choice,FALSE,3,"{""options"": [""Mentorálás (szakmai, életvezetési)"", ""Tanulókör / szakkör"", ""Nyelvtanulás"", ""Digitális készségek fejlesztése"", ""Workshop / tréning"", ""Online kurzus"", ""Tudományos elõadás / meet-up"", ""Közösségi könyvtár / tudásmegosztás"", ""Ifjúsági oktatási programok"", ""egyÄ‚Â©b""], ""logic"": []}",TRUE,
QEDU_4,QEDU,,Milyen formÃ¡ban szeretnÃ©l ehhez a terÃ¼lethez csatlakozni?,multiple_choice,FALSE,4,"{""options"": [""rÄ‚Â©sztvevÄ¹â€˜"", ""szervezÄ¹â€˜"", ""tÄ‚Ë‡mogatÄ‚Å‚"", ""Ä‚Â©rdeklÄ¹â€˜dÄ¹â€˜"",  ""egyÄ‚Â©b""], ""logic"": []}",FALSE,
QEDU_5,QEDU,,Milyen tÃ­pusÃº kezdemÃ©nyezÃ©seket szeretnÃ©l ezen a terÃ¼leten elÃ©rni?,multiple_choice,FALSE,5,"{""options"": [""kÄ‚Â¶zÄ‚Â¶ssÄ‚Â©g"", ""esemÄ‚Â©ny"", ""szolgÄ‚Ë‡ltatÄ‚Ë‡s"", ""projekt"",  ""egyÄ‚Â©b""], ""logic"": []}",FALSE,
QEDU_6,QEDU,,"Ha egyetlen kÃ¶zÃ¶ssÃ©gi tanulÃ¡si vagy oktatÃ¡si kezdemÃ©nyezÃ©st indÃ­thatnÃ¡l, mi lenne az?",open_text,FALSE,6,{},FALSE,
QHEA_1,QHEA,,Mennyire fontosak szÃ¡modra a kÃ¶zÃ¶ssÃ©gi egÃ©szsÃ©g- Ã©s sportprogramok?,likert_1_4,FALSE,1,"{
  ""options"": [""egyÃ¡ltalÃ¡n nem fontos"", ""kevÃ©ssÃ© fontos"", ""fontos"", ""nagyon fontos""],
  ""logic"": []
}",FALSE,
QHEA_2,QHEA,,Mennyire hiÃ¡nyoznak ezek a lehetÅ‘sÃ©gek a kÃ¶rnyezetedben?,likert_1_4,FALSE,2,"{
  ""options"": [""egyÃ¡ltalÃ¡n nem hiÃ¡nyzik"", ""inkÃ¡bb nem hiÃ¡nyzik"", ""elÃ©g erÅ‘sen hiÃ¡nyzik"", ""nagyon erÅ‘sen hiÃ¡nyzik""],
  ""logic"": []
}",FALSE,
QHEA_3,QHEA,,Milyen tÃ­pusÃº egÃ©szsÃ©ghez vagy sporthoz kapcsolÃ³dÃ³ program vagy kÃ¶zÃ¶ssÃ©g Ã©rdekelne leginkÃ¡bb?,multiple_choice,FALSE,3,"{""options"": [""Jóga"", ""Futás"", ""Kerékpár / túrázás"", ""Csapatsport"", ""Egészséges életmód workshop"", ""Mentális egészség / lelki támogatás"", ""Relaxáció, meditáció"", ""Fitnesz / erõsítõ edzés"", ""Tánc"", ""egyÄ‚Â©b""], ""logic"": []}",TRUE,
QHEA_4,QHEA,,Milyen formÃ¡ban szeretnÃ©l ehhez a terÃ¼lethez csatlakozni?,multiple_choice,FALSE,4,"{""options"": [""rÄ‚Â©sztvevÄ¹â€˜"", ""szervezÄ¹â€˜"", ""tÄ‚Ë‡mogatÄ‚Å‚"", ""Ä‚Â©rdeklÄ¹â€˜dÄ¹â€˜"",  ""egyÄ‚Â©b"" ], ""logic"": []}",FALSE,
QHEA_5,QHEA,,Milyen tÃ­pusÃº kezdemÃ©nyezÃ©seket szeretnÃ©l ezen a terÃ¼leten elÃ©rni?,multiple_choice,FALSE,5,"{""options"": [""kÄ‚Â¶zÄ‚Â¶ssÄ‚Â©g"", ""esemÄ‚Â©ny"", ""szolgÄ‚Ë‡ltatÄ‚Ë‡s"", ""projekt"",  ""egyÄ‚Â©b""], ""logic"": []}",FALSE,
QHEA_6,QHEA,,"Ha egyetlen kÃ¶zÃ¶ssÃ©gi egÃ©szsÃ©g- vagy sportkezdemÃ©nyezÃ©st indÃ­thatnÃ¡l, mi lenne az?",open_text,FALSE,6,{},FALSE,
QCOM_1,QCOM,,"Mennyire fontos szÃ¡modra, hogy legyenek helyi kÃ¶zÃ¶ssÃ©gi esemÃ©nyek (pl. kÃ¶zÃ¶s fÅ‘zÃ©s, talÃ¡lkozÃ³k, klubok)?",likert_1_4,FALSE,1,"{
  ""options"": [""egyÃ¡ltalÃ¡n nem fontos"", ""kevÃ©ssÃ© fontos"", ""fontos"", ""nagyon fontos""],
  ""logic"": []
}",FALSE,
QCOM_2,QCOM,,Mennyire hiÃ¡nyoznak a kÃ¶rnyezetedben ezek a kÃ¶zÃ¶ssÃ©gi alkalmak?,likert_1_4,FALSE,2,"{
  ""options"": [""egyÃ¡ltalÃ¡n nem hiÃ¡nyzik"", ""inkÃ¡bb nem hiÃ¡nyzik"", ""elÃ©g erÅ‘sen hiÃ¡nyzik"", ""nagyon erÅ‘sen hiÃ¡nyzik""],
  ""logic"": []
}",FALSE,
QCOM_3,QCOM,,Milyen tÃ­pusÃº kÃ¶zÃ¶ssÃ©gi esemÃ©nyeken vennÃ©l rÃ©szt legszÃ­vesebben?,multiple_choice,FALSE,3,"{""options"": [""Közös fõzés / gasztro esemény"", ""Helyi fesztivál / vásár"", ""Klubtalálkozó (hobbik szerint)"", ""Szomszédsági összejövetel"", ""Játékest / társasjáték klub"", ""Közös kirándulás, túra"", ""Ünnepi program"", ""Online közösségi esemény"", ""Táncház / bál"", ""egyÄ‚Â©b""], ""logic"": []}",TRUE,
QCOM_4,QCOM,,Milyen formÃ¡ban szeretnÃ©l ehhez a terÃ¼lethez csatlakozni?,multiple_choice,FALSE,4,"{""options"": [""rÄ‚Â©sztvevÄ¹â€˜"", ""szervezÄ¹â€˜"", ""tÄ‚Ë‡mogatÄ‚Å‚"", ""Ä‚Â©rdeklÄ¹â€˜dÄ¹â€˜"",  ""egyÄ‚Â©b""], ""logic"": []}",FALSE,
QCOM_5,QCOM,,Milyen tÃ­pusÃº kezdemÃ©nyezÃ©seket szeretnÃ©l ezen a terÃ¼leten elÃ©rni?,multiple_choice,FALSE,5,"{""options"": [""kÄ‚Â¶zÄ‚Â¶ssÄ‚Â©g"", ""esemÄ‚Â©ny"", ""szolgÄ‚Ë‡ltatÄ‚Ë‡s"", ""projekt"",  ""egyÄ‚Â©b""], ""logic"": []}",FALSE,
QCOM_6,QCOM,,"Ha egyetlen kÃ¶zÃ¶ssÃ©gi esemÃ©nyt indÃ­thatnÃ¡l a kÃ¶rnyezetedben, mi lenne az?",open_text,FALSE,6,{},FALSE,
QSOC_1,QSOC,,"Mennyire fontos szÃ¡modra, hogy a kÃ¶zÃ¶ssÃ©gedben legyenek segÃ­tsÃ©gnyÃºjtÃ¡si lehetÅ‘sÃ©gek (pl. idÅ‘sgondozÃ¡s, adomÃ¡nyozÃ¡s)?",likert_1_4,FALSE,1,"{
  ""options"": [""egyÃ¡ltalÃ¡n nem fontos"", ""kevÃ©ssÃ© fontos"", ""fontos"", ""nagyon fontos""],
  ""logic"": []
}",FALSE,
QSOC_2,QSOC,,Mennyire hiÃ¡nyoznak a kÃ¶rnyezetedben az ilyen szociÃ¡lis kezdemÃ©nyezÃ©sek?,likert_1_4,FALSE,2,"{
  ""options"": [""egyÃ¡ltalÃ¡n nem hiÃ¡nyzik"", ""inkÃ¡bb nem hiÃ¡nyzik"", ""elÃ©g erÅ‘sen hiÃ¡nyzik"", ""nagyon erÅ‘sen hiÃ¡nyzik""],
  ""logic"": []
}",FALSE,
QSOC_3,QSOC,,Milyen formÃ¡ban vennÃ©l rÃ©szt szociÃ¡lis vagy segÃ­tsÃ©gnyÃºjtÃ³ programban?,multiple_choice,FALSE,3,"{""options"": [""Önkéntesség"", ""Adománygyûjtés (pénz / tárgy)"", ""Idõsgondozás"", ""Gyermekek támogatása"", ""Hajléktalan-segítés"", ""Élelmiszerosztás / közösségi konyha"", ""Krízissegítés"", ""Szakmai tudás megosztása"", ""Lelki támogatás"", ""egyÄ‚Â©b""], ""logic"": []}",TRUE,
QSOC_4,QSOC,,Milyen formÃ¡ban szeretnÃ©l ehhez a terÃ¼lethez csatlakozni?,multiple_choice,FALSE,4,"{""options"": [""rÄ‚Â©sztvevÄ¹â€˜"", ""szervezÄ¹â€˜"", ""tÄ‚Ë‡mogatÄ‚Å‚"", ""Ä‚Â©rdeklÄ¹â€˜dÄ¹â€˜"",  ""egyÄ‚Â©b""], ""logic"": []}",FALSE,
QSOC_5,QSOC,,Milyen tÃ­pusÃº kezdemÃ©nyezÃ©seket szeretnÃ©l ezen a terÃ¼leten elÃ©rni?,multiple_choice,FALSE,5,"{""options"": [""kÄ‚Â¶zÄ‚Â¶ssÄ‚Â©g"", ""esemÄ‚Â©ny"", ""szolgÄ‚Ë‡ltatÄ‚Ë‡s"", ""projekt"",  ""egyÄ‚Â©b""], ""logic"": []}",FALSE,
QSOC_6,QSOC,,"Ha egyetlen szociÃ¡lis vagy segÃ­tsÃ©gnyÃºjtÃ³ kezdemÃ©nyezÃ©st indÃ­thatnÃ¡l a kÃ¶rnyezetedben, mi lenne az?",open_text,FALSE,6,{},FALSE,
SCI_1,SCI,,"Ãšgy Ã©rzem, hogy tartozom a kÃ¶zÃ¶ssÃ©gemhez",likert_1_4,TRUE,1,"{
  ""options"": [""egyÃ¡ltalÃ¡n nem igaz"", ""inkÃ¡bb nem igaz"", ""tÃ¶bbnyire igaz"", ""teljesen igaz""],
  ""logic"": []
}",FALSE,
SCI_10,SCI,,"HatÃ¡ssal tudok lenni arra, hogyan alakul a kÃ¶zÃ¶ssÃ©g jÃ¶vÅ‘je",likert_1_4,TRUE,10,"{
  ""options"": [""egyÃ¡ltalÃ¡n nem igaz"", ""inkÃ¡bb nem igaz"", ""tÃ¶bbnyire igaz"", ""teljesen igaz""],
  ""logic"": []
}",FALSE,
SCI_11,SCI,,"A kÃ¶zÃ¶ssÃ©g hatÃ¡ssal van rÃ¡m, fontos szÃ¡momra a visszajelzÃ©sÃ¼k",likert_1_4,TRUE,11,"{
  ""options"": [""egyÃ¡ltalÃ¡n nem igaz"", ""inkÃ¡bb nem igaz"", ""tÃ¶bbnyire igaz"", ""teljesen igaz""],
  ""logic"": []
}",FALSE,
SCI_12,SCI,,"Ãšgy Ã©rzem, hogy tiszteletben tartjÃ¡k a vÃ©lemÃ©nyemet",likert_1_4,TRUE,12,"{
  ""options"": [""egyÃ¡ltalÃ¡n nem igaz"", ""inkÃ¡bb nem igaz"", ""tÃ¶bbnyire igaz"", ""teljesen igaz""],
  ""logic"": []
}",FALSE,
SCI_13,SCI,,A kÃ¶zÃ¶ssÃ©gem kielÃ©gÃ­ti a szÃ¼ksÃ©gleteimet (pl,likert_1_4,TRUE,13,"{
  ""options"": [""egyÃ¡ltalÃ¡n nem igaz"", ""inkÃ¡bb nem igaz"", ""tÃ¶bbnyire igaz"", ""teljesen igaz""],
  ""logic"": []
}",FALSE,
SCI_14,SCI,,"Olyan emberekkel talÃ¡lkozom itt, akik hasonlÃ³ Ã©rdeklÅ‘dÃ©sÅ±ek",likert_1_4,TRUE,14,"{
  ""options"": [""egyÃ¡ltalÃ¡n nem igaz"", ""inkÃ¡bb nem igaz"", ""tÃ¶bbnyire igaz"", ""teljesen igaz""],
  ""logic"": []
}",FALSE,
SCI_15,SCI,,"A kÃ¶zÃ¶ssÃ©gben erÅ‘forrÃ¡sokhoz (tudÃ¡s, lehetÅ‘sÃ©gek) fÃ©rek hozzÃ¡",likert_1_4,TRUE,15,"{
  ""options"": [""egyÃ¡ltalÃ¡n nem igaz"", ""inkÃ¡bb nem igaz"", ""tÃ¶bbnyire igaz"", ""teljesen igaz""],
  ""logic"": []
}",FALSE,
SCI_16,SCI,,"Ha segÃ­tsÃ©gre van szÃ¼ksÃ©gem, a kÃ¶zÃ¶ssÃ©gem tagjaihoz fordulhatok",likert_1_4,TRUE,16,"{
  ""options"": [""egyÃ¡ltalÃ¡n nem igaz"", ""inkÃ¡bb nem igaz"", ""tÃ¶bbnyire igaz"", ""teljesen igaz""],
  ""logic"": []
}",FALSE,
SCI_17,SCI,,Ã‰rtÃ©kes kapcsolatokra tettem szert a kÃ¶zÃ¶ssÃ©g Ã¡ltal,likert_1_4,TRUE,17,"{
  ""options"": [""egyÃ¡ltalÃ¡n nem igaz"", ""inkÃ¡bb nem igaz"", ""tÃ¶bbnyire igaz"", ""teljesen igaz""],
  ""logic"": []
}",FALSE,
SCI_18,SCI,,MÃ¡s kÃ¶zÃ¶ssÃ©gekkel szemben ezt vÃ¡lasztanÃ¡m,likert_1_4,TRUE,18,"{
  ""options"": [""egyÃ¡ltalÃ¡n nem igaz"", ""inkÃ¡bb nem igaz"", ""tÃ¶bbnyire igaz"", ""teljesen igaz""],
  ""logic"": []
}",FALSE,
SCI_19,SCI,,Sok kÃ¶zÃ¶s Ã©lmÃ©nyem van a kÃ¶zÃ¶ssÃ©gem tagjaival,likert_1_4,TRUE,19,"{
  ""options"": [""egyÃ¡ltalÃ¡n nem igaz"", ""inkÃ¡bb nem igaz"", ""tÃ¶bbnyire igaz"", ""teljesen igaz""],
  ""logic"": []
}",FALSE,
SCI_2,SCI,,"Az emberek a kÃ¶zÃ¶ssÃ©gemben elfogadnak olyannak, amilyen vagyok",likert_1_4,TRUE,2,"{
  ""options"": [""egyÃ¡ltalÃ¡n nem igaz"", ""inkÃ¡bb nem igaz"", ""tÃ¶bbnyire igaz"", ""teljesen igaz""],
  ""logic"": []
}",FALSE,
SCI_20,SCI,,"Kapcsolataim itt mÃ©lyebbek, mint mÃ¡s helyeken",likert_1_4,TRUE,20,"{
  ""options"": [""egyÃ¡ltalÃ¡n nem igaz"", ""inkÃ¡bb nem igaz"", ""tÃ¶bbnyire igaz"", ""teljesen igaz""],
  ""logic"": []
}",FALSE,
SCI_21,SCI,,"Van kÃ¶zÃ¶s tÃ¶rtÃ©netÃ¼nk, amit tovÃ¡bbadunk egymÃ¡snak",likert_1_4,TRUE,21,"{
  ""options"": [""egyÃ¡ltalÃ¡n nem igaz"", ""inkÃ¡bb nem igaz"", ""tÃ¶bbnyire igaz"", ""teljesen igaz""],
  ""logic"": []
}",FALSE,
SCI_22,SCI,,"Ãšgy Ã©rzem, hogy ha elmesÃ©lek valamit, a kÃ¶zÃ¶ssÃ©g megÃ©rti",likert_1_4,TRUE,22,"{
  ""options"": [""egyÃ¡ltalÃ¡n nem igaz"", ""inkÃ¡bb nem igaz"", ""tÃ¶bbnyire igaz"", ""teljesen igaz""],
  ""logic"": []
}",FALSE,
SCI_23,SCI,,A kÃ¶zÃ¶ssÃ©gben fontos esemÃ©nyeket Ã©lÃ¼nk Ã¡t egyÃ¼tt,likert_1_4,TRUE,23,"{
  ""options"": [""egyÃ¡ltalÃ¡n nem igaz"", ""inkÃ¡bb nem igaz"", ""tÃ¶bbnyire igaz"", ""teljesen igaz""],
  ""logic"": []
}",FALSE,
SCI_24,SCI,,A kÃ¶zÃ¶ssÃ©ghez tartozÃ¡s Ã©rzelmi erÅ‘t ad nekem,likert_1_4,TRUE,24,"{
  ""options"": [""egyÃ¡ltalÃ¡n nem igaz"", ""inkÃ¡bb nem igaz"", ""tÃ¶bbnyire igaz"", ""teljesen igaz""],
  ""logic"": []
}",FALSE,
SCI_3,SCI,,"Ãšgy Ã©rzem, biztonsÃ¡gban vagyok ebben a kÃ¶zÃ¶ssÃ©gben",likert_1_4,TRUE,3,"{
  ""options"": [""egyÃ¡ltalÃ¡n nem igaz"", ""inkÃ¡bb nem igaz"", ""tÃ¶bbnyire igaz"", ""teljesen igaz""],
  ""logic"": []
}",FALSE,
SCI_4,SCI,,RÃ©sze vagyok a kÃ¶zÃ¶ssÃ©gÃ¼nk tÃ¶rtÃ©netÃ©nek,likert_1_4,TRUE,4,"{
  ""options"": [""egyÃ¡ltalÃ¡n nem igaz"", ""inkÃ¡bb nem igaz"", ""tÃ¶bbnyire igaz"", ""teljesen igaz""],
  ""logic"": []
}",FALSE,
SCI_5,SCI,,"JÃ³ Ã©rzÃ©s szÃ¡momra, hogy ehhez a kÃ¶zÃ¶ssÃ©ghez tartozom",likert_1_4,TRUE,5,"{
  ""options"": [""egyÃ¡ltalÃ¡n nem igaz"", ""inkÃ¡bb nem igaz"", ""tÃ¶bbnyire igaz"", ""teljesen igaz""],
  ""logic"": []
}",FALSE,
SCI_6,SCI,,A kÃ¶zÃ¶ssÃ©gem tagjai fontosnak tartjÃ¡k a hozzÃ¡jÃ¡rulÃ¡somat,likert_1_4,TRUE,6,"{
  ""options"": [""egyÃ¡ltalÃ¡n nem igaz"", ""inkÃ¡bb nem igaz"", ""tÃ¶bbnyire igaz"", ""teljesen igaz""],
  ""logic"": []
}",FALSE,
SCI_7,SCI,,"Ãšgy Ã©rzem, hogy van beleszÃ³lÃ¡som a kÃ¶zÃ¶ssÃ©g dolgÃ¡ba",likert_1_4,TRUE,7,"{
  ""options"": [""egyÃ¡ltalÃ¡n nem igaz"", ""inkÃ¡bb nem igaz"", ""tÃ¶bbnyire igaz"", ""teljesen igaz""],
  ""logic"": []
}",FALSE,
SCI_8,SCI,,"MÃ¡sok is elfogadjÃ¡k, ha kezdemÃ©nyezek valamit",likert_1_4,TRUE,8,"{
  ""options"": [""egyÃ¡ltalÃ¡n nem igaz"", ""inkÃ¡bb nem igaz"", ""tÃ¶bbnyire igaz"", ""teljesen igaz""],
  ""logic"": []
}",FALSE,
SCI_9,SCI,,"Az Ã©n vÃ©lemÃ©nyem szÃ¡mÃ­t, amikor dÃ¶ntÃ©seket hoz a kÃ¶zÃ¶ssÃ©g",likert_1_4,TRUE,9,"{
  ""options"": [""egyÃ¡ltalÃ¡n nem igaz"", ""inkÃ¡bb nem igaz"", ""tÃ¶bbnyire igaz"", ""teljesen igaz""],
  ""logic"": []
}",FALSE,
